Shop ID,Iframe Link
67da5c4fb8a76e4904bc2527,https://www.esselunga.it/cdn/volantini/promozioni-1jXc7R5m/Zona4-SS-Vol1/index.html
67da5c4fb8a76e4904bc2527,https://www.esselunga.it/cdn/volantini/promozioni-n1c9ZApq/Zona4-SS-Vol1/index.html
67da5c4fb8a76e4904bc2527,https://www.esselunga.it/cdn/volantini/promozioni-4bTg8wPz/Zona4-SS-Vol1/index.html
67da5c4fb8a76e4904bc2527,https://www.esselunga.it/cdn/volantini/promozioni-08fh2AMK/Zona1-SS-Vol1/index.html
67da5c4fb8a76e4904bc2527,https://www.esselunga.it/cdn/volantini/promozioni-viaggi-inverno/Zona1-SS-Vol1/index.html
67da5c4fb8a76e4904bc2527,https://www.esselunga.it/cdn/volantini/promozioni-occasioni-speciali/Zona8-SS-Vol1/index.html
67da5c50b8a76e4904bc252c,https://www.esselunga.it/cdn/volantini/promozioni-1jXc7R5m/Zona3-SS-Vol1/index.html
67da5c50b8a76e4904bc252c,https://www.esselunga.it/cdn/volantini/promozioni-n1c9ZApq/Zona3-SS-Vol1/index.html
67da5c50b8a76e4904bc252c,https://www.esselunga.it/cdn/volantini/promozioni-4bTg8wPz/Zona3-SS-Vol1/index.html
67da5c50b8a76e4904bc252c,https://www.esselunga.it/cdn/volantini/promozioni-08fh2AMK/Zona1-SS-Vol1/index.html
67da5c50b8a76e4904bc252c,https://www.esselunga.it/cdn/volantini/promozioni-viaggi-inverno/Zona1-SS-Vol1/index.html
67da5c51b8a76e4904bc2533,https://www.esselunga.it/cdn/volantini/promozioni-1jXc7R5m/Zona1-SS-Vol1/index.html
67da5c51b8a76e4904bc2533,https://www.esselunga.it/cdn/volantini/promozioni-n1c9ZApq/Zona1-SS-Vol1/index.html
67da5c51b8a76e4904bc2533,https://www.esselunga.it/cdn/volantini/promozioni-4bTg8wPz/Zona1-SS-Vol1/index.html
67da5c51b8a76e4904bc2533,https://www.esselunga.it/cdn/volantini/promozioni-08fh2AMK/Zona1-SS-Vol1/index.html
67da5c51b8a76e4904bc2533,https://www.esselunga.it/cdn/volantini/promozioni-viaggi-inverno/Zona1-SS-Vol1/index.html
67da5c51b8a76e4904bc2538,https://www.esselunga.it/cdn/volantini/promozioni-1jXc7R5m/Zona1-SM-Vol1/index.html
67da5c51b8a76e4904bc2538,https://www.esselunga.it/cdn/volantini/promozioni-n1c9ZApq/Zona1-SM-Vol1/index.html
67da5c51b8a76e4904bc2538,https://www.esselunga.it/cdn/volantini/promozioni-08fh2AMK/Zona1-SS-Vol1/index.html
67da5c51b8a76e4904bc2538,https://www.esselunga.it/cdn/volantini/promozioni-viaggi-inverno/Zona1-SS-Vol1/index.html
67da5c51b8a76e4904bc2538,https://www.esselunga.it/cdn/volantini/promozioni-occasioni-speciali/Zona8-SS-Vol1/index.html
67da5c51b8a76e4904bc2538,https://www.esselunga.it/cdn/volantini/promozioni-4bTg8wPz/Zona1-SS-Vol1/index.html
67da5c52b8a76e4904bc253d,https://www.esselunga.it/cdn/volantini/promozioni-1jXc7R5m/Zona1-SM-Vol1/index.html
67da5c52b8a76e4904bc253d,https://www.esselunga.it/cdn/volantini/promozioni-n1c9ZApq/Zona1-SM-Vol1/index.html
67da5c52b8a76e4904bc253d,https://www.esselunga.it/cdn/volantini/promozioni-08fh2AMK/Zona1-SS-Vol1/index.html
67da5c52b8a76e4904bc253d,https://www.esselunga.it/cdn/volantini/promozioni-viaggi-inverno/Zona1-SS-Vol1/index.html
67da5c52b8a76e4904bc253d,https://www.esselunga.it/cdn/volantini/promozioni-occasioni-speciali/Zona8-SS-Vol1/index.html
67da5c52b8a76e4904bc253d,https://www.esselunga.it/cdn/volantini/promozioni-4bTg8wPz/Zona1-SS-Vol1/index.html
67da5c52b8a76e4904bc2542,https://www.esselunga.it/cdn/volantini/promozioni-1jXc7R5m/Zona1-SM-Vol1/index.html
67da5c52b8a76e4904bc2542,https://www.esselunga.it/cdn/volantini/promozioni-n1c9ZApq/Zona1-SM-Vol1/index.html
67da5c52b8a76e4904bc2542,https://www.esselunga.it/cdn/volantini/promozioni-08fh2AMK/Zona1-SS-Vol1/index.html
67da5c52b8a76e4904bc2542,https://www.esselunga.it/cdn/volantini/promozioni-viaggi-inverno/Zona1-SS-Vol1/index.html
67da5c52b8a76e4904bc2542,https://www.esselunga.it/cdn/volantini/promozioni-4bTg8wPz/Zona1-SS-Vol1/index.html
67da5c53b8a76e4904bc2547,https://www.esselunga.it/cdn/volantini/promozioni-1jXc7R5m/Zona1-SM-Vol1/index.html
67da5c53b8a76e4904bc2547,https://www.esselunga.it/cdn/volantini/promozioni-n1c9ZApq/Zona1-SM-Vol1/index.html
67da5c53b8a76e4904bc2547,https://www.esselunga.it/cdn/volantini/promozioni-08fh2AMK/Zona1-SS-Vol1/index.html
67da5c53b8a76e4904bc2547,https://www.esselunga.it/cdn/volantini/promozioni-viaggi-inverno/Zona1-SS-Vol1/index.html
67da5c53b8a76e4904bc2547,https://www.esselunga.it/cdn/volantini/promozioni-4bTg8wPz/Zona1-SS-Vol1/index.html
67da5c53b8a76e4904bc254c,https://www.esselunga.it/cdn/volantini/promozioni-1jXc7R5m/Zona1-SM-Vol1/index.html
67da5c53b8a76e4904bc254c,https://www.esselunga.it/cdn/volantini/promozioni-n1c9ZApq/Zona1-SM-Vol1/index.html
67da5c53b8a76e4904bc254c,https://www.esselunga.it/cdn/volantini/promozioni-08fh2AMK/Zona1-SS-Vol1/index.html
67da5c53b8a76e4904bc254c,https://www.esselunga.it/cdn/volantini/promozioni-viaggi-inverno/Zona1-SS-Vol1/index.html
67da5c53b8a76e4904bc254c,https://www.esselunga.it/cdn/volantini/promozioni-4bTg8wPz/Zona1-SS-Vol1/index.html
67da5c53b8a76e4904bc254c,https://www.esselunga.it/cdn/volantini/promozioni-occasioni-speciali/Zona8-SS-Vol1/index.html
67da5c54b8a76e4904bc2551,https://www.esselunga.it/cdn/volantini/promozioni-1jXc7R5m/Zona1-SM-Vol1/index.html
67da5c54b8a76e4904bc2551,https://www.esselunga.it/cdn/volantini/promozioni-n1c9ZApq/Zona1-SM-Vol1/index.html
67da5c54b8a76e4904bc2551,https://www.esselunga.it/cdn/volantini/promozioni-08fh2AMK/Zona1-SS-Vol1/index.html
67da5c54b8a76e4904bc2551,https://www.esselunga.it/cdn/volantini/promozioni-viaggi-inverno/Zona1-SS-Vol1/index.html
67da5c54b8a76e4904bc2551,https://www.esselunga.it/cdn/volantini/promozioni-occasioni-speciali/Zona8-SS-Vol1/index.html
67da5c54b8a76e4904bc2551,https://www.esselunga.it/cdn/volantini/promozioni-4bTg8wPz/Zona1-SS-Vol1/index.html
67da5c54b8a76e4904bc2556,https://www.esselunga.it/cdn/volantini/promozioni-1jXc7R5m/Zona1-SM-Vol1/index.html
67da5c54b8a76e4904bc2556,https://www.esselunga.it/cdn/volantini/promozioni-n1c9ZApq/Zona1-SM-Vol1/index.html
67da5c54b8a76e4904bc2556,https://www.esselunga.it/cdn/volantini/promozioni-08fh2AMK/Zona1-SS-Vol1/index.html
67da5c54b8a76e4904bc2556,https://www.esselunga.it/cdn/volantini/promozioni-viaggi-inverno/Zona1-SS-Vol1/index.html
67da5c54b8a76e4904bc2556,https://www.esselunga.it/cdn/volantini/promozioni-occasioni-speciali/Zona8-SS-Vol1/index.html
67da5c54b8a76e4904bc2556,https://www.esselunga.it/cdn/volantini/promozioni-4bTg8wPz/Zona1-SS-Vol1/index.html
67da5c55b8a76e4904bc2560,https://www.esselunga.it/cdn/volantini/promozioni-1jXc7R5m/Zona1-SS-Vol1/index.html
67da5c55b8a76e4904bc2560,https://www.esselunga.it/cdn/volantini/promozioni-n1c9ZApq/Zona1-SS-Vol1/index.html
67da5c55b8a76e4904bc2560,https://www.esselunga.it/cdn/volantini/promozioni-4bTg8wPz/Zona1-SS-Vol1/index.html
67da5c55b8a76e4904bc2560,https://www.esselunga.it/cdn/volantini/promozioni-08fh2AMK/Zona1-SS-Vol1/index.html
67da5c55b8a76e4904bc2560,https://www.esselunga.it/cdn/volantini/promozioni-viaggi-inverno/Zona1-SS-Vol1/index.html
67da5c55b8a76e4904bc2560,https://www.esselunga.it/cdn/volantini/promozioni-occasioni-speciali/Zona8-SS-Vol1/index.html
67da5c56b8a76e4904bc2565,https://www.esselunga.it/cdn/volantini/promozioni-1jXc7R5m/Zona1-SM-Vol1/index.html
67da5c56b8a76e4904bc2565,https://www.esselunga.it/cdn/volantini/promozioni-n1c9ZApq/Zona1-SM-Vol1/index.html
67da5c56b8a76e4904bc2565,https://www.esselunga.it/cdn/volantini/promozioni-08fh2AMK/Zona1-SS-Vol1/index.html
67da5c56b8a76e4904bc2565,https://www.esselunga.it/cdn/volantini/promozioni-viaggi-inverno/Zona1-SS-Vol1/index.html
67da5c56b8a76e4904bc2565,https://www.esselunga.it/cdn/volantini/promozioni-occasioni-speciali/Zona8-SS-Vol1/index.html
67da5c56b8a76e4904bc2565,https://www.esselunga.it/cdn/volantini/promozioni-4bTg8wPz/Zona1-SS-Vol1/index.html
67da5c57b8a76e4904bc256a,https://www.esselunga.it/cdn/volantini/promozioni-1jXc7R5m/Zona1-SS-Vol1/index.html
67da5c57b8a76e4904bc256a,https://www.esselunga.it/cdn/volantini/promozioni-n1c9ZApq/Zona1-SS-Vol1/index.html
67da5c57b8a76e4904bc256a,https://www.esselunga.it/cdn/volantini/promozioni-4bTg8wPz/Zona1-SS-Vol1/index.html
67da5c57b8a76e4904bc256a,https://www.esselunga.it/cdn/volantini/promozioni-08fh2AMK/Zona1-SS-Vol1/index.html
67da5c57b8a76e4904bc256a,https://www.esselunga.it/cdn/volantini/promozioni-viaggi-inverno/Zona1-SS-Vol1/index.html
67da5c57b8a76e4904bc256f,https://www.esselunga.it/cdn/volantini/promozioni-1jXc7R5m/Zona1-SM-Vol1/index.html
67da5c57b8a76e4904bc256f,https://www.esselunga.it/cdn/volantini/promozioni-n1c9ZApq/Zona1-SM-Vol1/index.html
67da5c57b8a76e4904bc256f,https://www.esselunga.it/cdn/volantini/promozioni-08fh2AMK/Zona1-SS-Vol1/index.html
67da5c57b8a76e4904bc256f,https://www.esselunga.it/cdn/volantini/promozioni-viaggi-inverno/Zona1-SS-Vol1/index.html
67da5c57b8a76e4904bc256f,https://www.esselunga.it/cdn/volantini/promozioni-4bTg8wPz/Zona1-SS-Vol1/index.html
67da5c57b8a76e4904bc256f,https://www.esselunga.it/cdn/volantini/promozioni-occasioni-speciali/Zona8-SS-Vol1/index.html
67da5c5ab8a76e4904bc2579,https://www.esselunga.it/cdn/volantini/promozioni-1jXc7R5m/Zona1-SM-Vol1/index.html
67da5c5ab8a76e4904bc2579,https://www.esselunga.it/cdn/volantini/promozioni-n1c9ZApq/Zona1-SM-Vol1/index.html
67da5c5ab8a76e4904bc2579,https://www.esselunga.it/cdn/volantini/promozioni-08fh2AMK/Zona1-SS-Vol1/index.html
67da5c5ab8a76e4904bc2579,https://www.esselunga.it/cdn/volantini/promozioni-viaggi-inverno/Zona1-SS-Vol1/index.html
67da5c5ab8a76e4904bc2579,https://www.esselunga.it/cdn/volantini/promozioni-occasioni-speciali/Zona8-SS-Vol1/index.html
67da5c5ab8a76e4904bc2579,https://www.esselunga.it/cdn/volantini/promozioni-4bTg8wPz/Zona1-SS-Vol1/index.html
67da5c5cb8a76e4904bc2582,https://www.esselunga.it/cdn/volantini/promozioni-1jXc7R5m/Zona1-SM-Vol1/index.html
67da5c5cb8a76e4904bc2582,https://www.esselunga.it/cdn/volantini/promozioni-n1c9ZApq/Zona1-SM-Vol1/index.html
67da5c5cb8a76e4904bc2582,https://www.esselunga.it/cdn/volantini/promozioni-08fh2AMK/Zona1-SS-Vol1/index.html
67da5c5cb8a76e4904bc2582,https://www.esselunga.it/cdn/volantini/promozioni-viaggi-inverno/Zona1-SS-Vol1/index.html
67da5c5cb8a76e4904bc2582,https://www.esselunga.it/cdn/volantini/promozioni-occasioni-speciali/Zona8-SS-Vol1/index.html
67da5c5cb8a76e4904bc2582,https://www.esselunga.it/cdn/volantini/promozioni-4bTg8wPz/Zona1-SS-Vol1/index.html
67da5c5cb8a76e4904bc2587,https://www.esselunga.it/cdn/volantini/promozioni-1jXc7R5m/Zona1-SS-Vol1/index.html
67da5c5cb8a76e4904bc2587,https://www.esselunga.it/cdn/volantini/promozioni-n1c9ZApq/Zona1-SS-Vol1/index.html
67da5c5cb8a76e4904bc2587,https://www.esselunga.it/cdn/volantini/promozioni-4bTg8wPz/Zona1-SS-Vol1/index.html
67da5c5cb8a76e4904bc2587,https://www.esselunga.it/cdn/volantini/promozioni-08fh2AMK/Zona1-SS-Vol1/index.html
67da5c5cb8a76e4904bc2587,https://www.esselunga.it/cdn/volantini/promozioni-viaggi-inverno/Zona1-SS-Vol1/index.html
67da5c5cb8a76e4904bc2587,https://www.esselunga.it/cdn/volantini/promozioni-occasioni-speciali/Zona8-SS-Vol1/index.html
67da5c5cb8a76e4904bc258c,https://www.esselunga.it/cdn/volantini/promozioni-1jXc7R5m/Zona4-SS-Vol1/index.html
67da5c5cb8a76e4904bc258c,https://www.esselunga.it/cdn/volantini/promozioni-n1c9ZApq/Zona4-SS-Vol1/index.html
67da5c5cb8a76e4904bc258c,https://www.esselunga.it/cdn/volantini/promozioni-4bTg8wPz/Zona4-SS-Vol1/index.html
67da5c5cb8a76e4904bc258c,https://www.esselunga.it/cdn/volantini/promozioni-08fh2AMK/Zona1-SS-Vol1/index.html
67da5c5cb8a76e4904bc258c,https://www.esselunga.it/cdn/volantini/promozioni-viaggi-inverno/Zona1-SS-Vol1/index.html
67da5c5cb8a76e4904bc258c,https://www.esselunga.it/cdn/volantini/promozioni-occasioni-speciali/Zona8-SS-Vol1/index.html
67da5c5db8a76e4904bc2591,https://www.esselunga.it/cdn/volantini/promozioni-1jXc7R5m/Zona1-SS-Vol1/index.html
67da5c5db8a76e4904bc2591,https://www.esselunga.it/cdn/volantini/promozioni-n1c9ZApq/Zona1-SS-Vol1/index.html
67da5c5db8a76e4904bc2591,https://www.esselunga.it/cdn/volantini/promozioni-4bTg8wPz/Zona1-SS-Vol1/index.html
67da5c5db8a76e4904bc2591,https://www.esselunga.it/cdn/volantini/promozioni-08fh2AMK/Zona1-SS-Vol1/index.html
67da5c5db8a76e4904bc2591,https://www.esselunga.it/cdn/volantini/promozioni-viaggi-inverno/Zona1-SS-Vol1/index.html
67da5c5eb8a76e4904bc2596,https://www.esselunga.it/cdn/volantini/promozioni-1jXc7R5m/Zona1-SS-Vol1/index.html
67da5c5eb8a76e4904bc2596,https://www.esselunga.it/cdn/volantini/promozioni-n1c9ZApq/Zona1-SS-Vol1/index.html
67da5c5eb8a76e4904bc2596,https://www.esselunga.it/cdn/volantini/promozioni-4bTg8wPz/Zona1-SS-Vol1/index.html
67da5c5eb8a76e4904bc2596,https://www.esselunga.it/cdn/volantini/promozioni-08fh2AMK/Zona1-SS-Vol1/index.html
67da5c5eb8a76e4904bc2596,https://www.esselunga.it/cdn/volantini/promozioni-viaggi-inverno/Zona1-SS-Vol1/index.html
67da5c5fb8a76e4904bc259d,https://www.esselunga.it/cdn/volantini/promozioni-1jXc7R5m/Zona1-SS-Vol1/index.html
67da5c5fb8a76e4904bc259d,https://www.esselunga.it/cdn/volantini/promozioni-n1c9ZApq/Zona1-SS-Vol1/index.html
67da5c5fb8a76e4904bc259d,https://www.esselunga.it/cdn/volantini/promozioni-4bTg8wPz/Zona1-SS-Vol1/index.html
67da5c5fb8a76e4904bc259d,https://www.esselunga.it/cdn/volantini/promozioni-08fh2AMK/Zona1-SS-Vol1/index.html
67da5c5fb8a76e4904bc259d,https://www.esselunga.it/cdn/volantini/promozioni-viaggi-inverno/Zona1-SS-Vol1/index.html
67da5c60b8a76e4904bc25a2,https://www.esselunga.it/cdn/volantini/promozioni-1jXc7R5m/Zona1-SM-Vol1/index.html
67da5c60b8a76e4904bc25a2,https://www.esselunga.it/cdn/volantini/promozioni-n1c9ZApq/Zona1-SM-Vol1/index.html
67da5c60b8a76e4904bc25a2,https://www.esselunga.it/cdn/volantini/promozioni-08fh2AMK/Zona1-SS-Vol1/index.html
67da5c60b8a76e4904bc25a2,https://www.esselunga.it/cdn/volantini/promozioni-viaggi-inverno/Zona1-SS-Vol1/index.html
67da5c60b8a76e4904bc25a2,https://www.esselunga.it/cdn/volantini/promozioni-4bTg8wPz/Zona1-SS-Vol1/index.html
67da5c61b8a76e4904bc25ac,https://www.esselunga.it/cdn/volantini/promozioni-1jXc7R5m/Zona1-SS-Vol1/index.html
67da5c61b8a76e4904bc25ac,https://www.esselunga.it/cdn/volantini/promozioni-n1c9ZApq/Zona1-SS-Vol1/index.html
67da5c61b8a76e4904bc25ac,https://www.esselunga.it/cdn/volantini/promozioni-4bTg8wPz/Zona1-SS-Vol1/index.html
67da5c61b8a76e4904bc25ac,https://www.esselunga.it/cdn/volantini/promozioni-08fh2AMK/Zona1-SS-Vol1/index.html
67da5c61b8a76e4904bc25ac,https://www.esselunga.it/cdn/volantini/promozioni-viaggi-inverno/Zona1-SS-Vol1/index.html
67da5c61b8a76e4904bc25ac,https://www.esselunga.it/cdn/volantini/promozioni-occasioni-speciali/Zona8-SS-Vol1/index.html
67da5c62b8a76e4904bc25b1,https://www.esselunga.it/cdn/volantini/promozioni-1jXc7R5m/Zona1-SM-Vol1/index.html
67da5c62b8a76e4904bc25b1,https://www.esselunga.it/cdn/volantini/promozioni-n1c9ZApq/Zona1-SM-Vol1/index.html
67da5c62b8a76e4904bc25b1,https://www.esselunga.it/cdn/volantini/promozioni-08fh2AMK/Zona1-SS-Vol1/index.html
67da5c62b8a76e4904bc25b1,https://www.esselunga.it/cdn/volantini/promozioni-viaggi-inverno/Zona1-SS-Vol1/index.html
67da5c62b8a76e4904bc25b1,https://www.esselunga.it/cdn/volantini/promozioni-occasioni-speciali/Zona8-SS-Vol1/index.html
67da5c62b8a76e4904bc25b1,https://www.esselunga.it/cdn/volantini/promozioni-4bTg8wPz/Zona1-SS-Vol1/index.html
67da5c62b8a76e4904bc25b6,https://www.esselunga.it/cdn/volantini/promozioni-1jXc7R5m/Zona1-SS-Vol1/index.html
67da5c62b8a76e4904bc25b6,https://www.esselunga.it/cdn/volantini/promozioni-n1c9ZApq/Zona1-SS-Vol1/index.html
67da5c62b8a76e4904bc25b6,https://www.esselunga.it/cdn/volantini/promozioni-4bTg8wPz/Zona1-SS-Vol1/index.html
67da5c62b8a76e4904bc25b6,https://www.esselunga.it/cdn/volantini/promozioni-08fh2AMK/Zona1-SS-Vol1/index.html
67da5c62b8a76e4904bc25b6,https://www.esselunga.it/cdn/volantini/promozioni-viaggi-inverno/Zona1-SS-Vol1/index.html
67da5c62b8a76e4904bc25b6,https://www.esselunga.it/cdn/volantini/promozioni-occasioni-speciali/Zona8-SS-Vol1/index.html
67da5c64b8a76e4904bc25be,https://www.esselunga.it/cdn/volantini/promozioni-1jXc7R5m/Zona3-SS-Vol1/index.html
67da5c64b8a76e4904bc25be,https://www.esselunga.it/cdn/volantini/promozioni-n1c9ZApq/Zona3-SS-Vol1/index.html
67da5c64b8a76e4904bc25be,https://www.esselunga.it/cdn/volantini/promozioni-4bTg8wPz/Zona3-SS-Vol1/index.html
67da5c64b8a76e4904bc25be,https://www.esselunga.it/cdn/volantini/promozioni-08fh2AMK/Zona1-SS-Vol1/index.html
67da5c64b8a76e4904bc25be,https://www.esselunga.it/cdn/volantini/promozioni-viaggi-inverno/Zona1-SS-Vol1/index.html
67da5c64b8a76e4904bc25be,https://www.esselunga.it/cdn/volantini/promozioni-occasioni-speciali/Zona8-SS-Vol1/index.html
67da5c64b8a76e4904bc25c3,https://www.esselunga.it/cdn/volantini/promozioni-1jXc7R5m/Zona1-SS-Vol1/index.html
67da5c64b8a76e4904bc25c3,https://www.esselunga.it/cdn/volantini/promozioni-n1c9ZApq/Zona1-SS-Vol1/index.html
67da5c64b8a76e4904bc25c3,https://www.esselunga.it/cdn/volantini/promozioni-4bTg8wPz/Zona1-SS-Vol1/index.html
67da5c64b8a76e4904bc25c3,https://www.esselunga.it/cdn/volantini/promozioni-08fh2AMK/Zona1-SS-Vol1/index.html
67da5c64b8a76e4904bc25c3,https://www.esselunga.it/cdn/volantini/promozioni-viaggi-inverno/Zona1-SS-Vol1/index.html
67da5c64b8a76e4904bc25c3,https://www.esselunga.it/cdn/volantini/promozioni-occasioni-speciali/Zona8-SS-Vol1/index.html
67da5c65b8a76e4904bc25c8,https://www.esselunga.it/cdn/volantini/promozioni-1jXc7R5m/Zona1-SS-Vol1/index.html
67da5c65b8a76e4904bc25c8,https://www.esselunga.it/cdn/volantini/promozioni-n1c9ZApq/Zona1-SS-Vol1/index.html
67da5c65b8a76e4904bc25c8,https://www.esselunga.it/cdn/volantini/promozioni-4bTg8wPz/Zona1-SS-Vol1/index.html
67da5c65b8a76e4904bc25c8,https://www.esselunga.it/cdn/volantini/promozioni-08fh2AMK/Zona1-SS-Vol1/index.html
67da5c65b8a76e4904bc25c8,https://www.esselunga.it/cdn/volantini/promozioni-viaggi-inverno/Zona1-SS-Vol1/index.html
67da5c65b8a76e4904bc25c8,https://www.esselunga.it/cdn/volantini/promozioni-occasioni-speciali/Zona8-SS-Vol1/index.html
67da5c65b8a76e4904bc25cd,https://www.esselunga.it/cdn/volantini/promozioni-1jXc7R5m/Zona3-SS-Vol1/index.html
67da5c65b8a76e4904bc25cd,https://www.esselunga.it/cdn/volantini/promozioni-n1c9ZApq/Zona3-SS-Vol1/index.html
67da5c65b8a76e4904bc25cd,https://www.esselunga.it/cdn/volantini/promozioni-4bTg8wPz/Zona3-SS-Vol1/index.html
67da5c65b8a76e4904bc25cd,https://www.esselunga.it/cdn/volantini/promozioni-08fh2AMK/Zona1-SS-Vol1/index.html
67da5c65b8a76e4904bc25cd,https://www.esselunga.it/cdn/volantini/promozioni-viaggi-inverno/Zona1-SS-Vol1/index.html
67da5c66b8a76e4904bc25d3,https://www.esselunga.it/cdn/volantini/promozioni-1jXc7R5m/Zona1-SS-Vol1/index.html
67da5c66b8a76e4904bc25d3,https://www.esselunga.it/cdn/volantini/promozioni-n1c9ZApq/Zona1-SS-Vol1/index.html
67da5c66b8a76e4904bc25d3,https://www.esselunga.it/cdn/volantini/promozioni-4bTg8wPz/Zona1-SS-Vol1/index.html
67da5c66b8a76e4904bc25d3,https://www.esselunga.it/cdn/volantini/promozioni-08fh2AMK/Zona1-SS-Vol1/index.html
67da5c66b8a76e4904bc25d3,https://www.esselunga.it/cdn/volantini/promozioni-viaggi-inverno/Zona1-SS-Vol1/index.html
67da5c67b8a76e4904bc25d9,https://www.esselunga.it/cdn/volantini/promozioni-1jXc7R5m/Zona1-SS-Vol1/index.html
67da5c67b8a76e4904bc25d9,https://www.esselunga.it/cdn/volantini/promozioni-n1c9ZApq/Zona1-SS-Vol1/index.html
67da5c67b8a76e4904bc25d9,https://www.esselunga.it/cdn/volantini/promozioni-4bTg8wPz/Zona1-SS-Vol1/index.html
67da5c67b8a76e4904bc25d9,https://www.esselunga.it/cdn/volantini/promozioni-08fh2AMK/Zona1-SS-Vol1/index.html
67da5c67b8a76e4904bc25d9,https://www.esselunga.it/cdn/volantini/promozioni-viaggi-inverno/Zona1-SS-Vol1/index.html
67da5c67b8a76e4904bc25d9,https://www.esselunga.it/cdn/volantini/promozioni-occasioni-speciali/Zona8-SS-Vol1/index.html
67da5c68b8a76e4904bc25df,https://www.esselunga.it/cdn/volantini/promozioni-1jXc7R5m/Zona1-SS-Vol1/index.html
67da5c68b8a76e4904bc25df,https://www.esselunga.it/cdn/volantini/promozioni-n1c9ZApq/Zona1-SS-Vol1/index.html
67da5c68b8a76e4904bc25df,https://www.esselunga.it/cdn/volantini/promozioni-4bTg8wPz/Zona1-SS-Vol1/index.html
67da5c68b8a76e4904bc25df,https://www.esselunga.it/cdn/volantini/promozioni-08fh2AMK/Zona1-SS-Vol1/index.html
67da5c68b8a76e4904bc25df,https://www.esselunga.it/cdn/volantini/promozioni-viaggi-inverno/Zona1-SS-Vol1/index.html
67da5c68b8a76e4904bc25df,https://www.esselunga.it/cdn/volantini/promozioni-occasioni-speciali/Zona8-SS-Vol1/index.html
67da5c69b8a76e4904bc25e6,https://www.esselunga.it/cdn/volantini/promozioni-1jXc7R5m/Zona1-SS-Vol1/index.html
67da5c69b8a76e4904bc25e6,https://www.esselunga.it/cdn/volantini/promozioni-n1c9ZApq/Zona1-SS-Vol1/index.html
67da5c69b8a76e4904bc25e6,https://www.esselunga.it/cdn/volantini/promozioni-4bTg8wPz/Zona1-SS-Vol1/index.html
67da5c69b8a76e4904bc25e6,https://www.esselunga.it/cdn/volantini/promozioni-08fh2AMK/Zona1-SS-Vol1/index.html
67da5c69b8a76e4904bc25e6,https://www.esselunga.it/cdn/volantini/promozioni-viaggi-inverno/Zona1-SS-Vol1/index.html
67da5c69b8a76e4904bc25e6,https://www.esselunga.it/cdn/volantini/promozioni-occasioni-speciali/Zona8-SS-Vol1/index.html
67da5c6ab8a76e4904bc25eb,https://www.esselunga.it/cdn/volantini/promozioni-1jXc7R5m/Zona1-SS-Vol1/index.html
67da5c6ab8a76e4904bc25eb,https://www.esselunga.it/cdn/volantini/promozioni-n1c9ZApq/Zona1-SS-Vol1/index.html
67da5c6ab8a76e4904bc25eb,https://www.esselunga.it/cdn/volantini/promozioni-4bTg8wPz/Zona1-SS-Vol1/index.html
67da5c6ab8a76e4904bc25eb,https://www.esselunga.it/cdn/volantini/promozioni-08fh2AMK/Zona1-SS-Vol1/index.html
67da5c6ab8a76e4904bc25eb,https://www.esselunga.it/cdn/volantini/promozioni-viaggi-inverno/Zona1-SS-Vol1/index.html
67da5c6ab8a76e4904bc25eb,https://www.esselunga.it/cdn/volantini/promozioni-occasioni-speciali/Zona8-SS-Vol1/index.html
67da5c6bb8a76e4904bc25f2,https://www.esselunga.it/cdn/volantini/promozioni-1jXc7R5m/Zona1-SM-Vol1/index.html
67da5c6bb8a76e4904bc25f2,https://www.esselunga.it/cdn/volantini/promozioni-n1c9ZApq/Zona1-SM-Vol1/index.html
67da5c6bb8a76e4904bc25f2,https://www.esselunga.it/cdn/volantini/promozioni-08fh2AMK/Zona1-SS-Vol1/index.html
67da5c6bb8a76e4904bc25f2,https://www.esselunga.it/cdn/volantini/promozioni-viaggi-inverno/Zona1-SS-Vol1/index.html
67da5c6bb8a76e4904bc25f2,https://www.esselunga.it/cdn/volantini/promozioni-occasioni-speciali/Zona8-SS-Vol1/index.html
67da5c6bb8a76e4904bc25f2,https://www.esselunga.it/cdn/volantini/promozioni-4bTg8wPz/Zona1-SS-Vol1/index.html
67da5c6cb8a76e4904bc25f8,https://www.esselunga.it/cdn/volantini/promozioni-1jXc7R5m/Zona3-SS-Vol1/index.html
67da5c6cb8a76e4904bc25f8,https://www.esselunga.it/cdn/volantini/promozioni-n1c9ZApq/Zona3-SS-Vol1/index.html
67da5c6cb8a76e4904bc25f8,https://www.esselunga.it/cdn/volantini/promozioni-4bTg8wPz/Zona3-SS-Vol1/index.html
67da5c6cb8a76e4904bc25f8,https://www.esselunga.it/cdn/volantini/promozioni-08fh2AMK/Zona1-SS-Vol1/index.html
67da5c6cb8a76e4904bc25f8,https://www.esselunga.it/cdn/volantini/promozioni-viaggi-inverno/Zona1-SS-Vol1/index.html
67da5c6cb8a76e4904bc25f8,https://www.esselunga.it/cdn/volantini/promozioni-occasioni-speciali/Zona8-SS-Vol1/index.html
67da5c6eb8a76e4904bc2600,https://www.esselunga.it/cdn/volantini/promozioni-1jXc7R5m/Zona3-SS-Vol1/index.html
67da5c6eb8a76e4904bc2600,https://www.esselunga.it/cdn/volantini/promozioni-n1c9ZApq/Zona3-SS-Vol1/index.html
67da5c6eb8a76e4904bc2600,https://www.esselunga.it/cdn/volantini/promozioni-4bTg8wPz/Zona3-SS-Vol1/index.html
67da5c6eb8a76e4904bc2600,https://www.esselunga.it/cdn/volantini/promozioni-08fh2AMK/Zona1-SS-Vol1/index.html
67da5c6eb8a76e4904bc2600,https://www.esselunga.it/cdn/volantini/promozioni-viaggi-inverno/Zona1-SS-Vol1/index.html
67da5c6fb8a76e4904bc2609,https://www.esselunga.it/cdn/volantini/promozioni-1jXc7R5m/Zona1-SS-Vol1/index.html
67da5c6fb8a76e4904bc2609,https://www.esselunga.it/cdn/volantini/promozioni-n1c9ZApq/Zona1-SS-Vol1/index.html
67da5c6fb8a76e4904bc2609,https://www.esselunga.it/cdn/volantini/promozioni-4bTg8wPz/Zona1-SS-Vol1/index.html
67da5c6fb8a76e4904bc2609,https://www.esselunga.it/cdn/volantini/promozioni-08fh2AMK/Zona1-SS-Vol1/index.html
67da5c6fb8a76e4904bc2609,https://www.esselunga.it/cdn/volantini/promozioni-viaggi-inverno/Zona1-SS-Vol1/index.html
67da5c6fb8a76e4904bc2609,https://www.esselunga.it/cdn/volantini/promozioni-occasioni-speciali/Zona8-SS-Vol1/index.html
67da5c70b8a76e4904bc260e,https://www.esselunga.it/cdn/volantini/promozioni-1jXc7R5m/Zona4-SM-Vol1/index.html
67da5c70b8a76e4904bc260e,https://www.esselunga.it/cdn/volantini/promozioni-n1c9ZApq/Zona4-SM-Vol1/index.html
67da5c70b8a76e4904bc260e,https://www.esselunga.it/cdn/volantini/promozioni-08fh2AMK/Zona1-SS-Vol1/index.html
67da5c70b8a76e4904bc260e,https://www.esselunga.it/cdn/volantini/promozioni-viaggi-inverno/Zona1-SS-Vol1/index.html
67da5c70b8a76e4904bc260e,https://www.esselunga.it/cdn/volantini/promozioni-4bTg8wPz/Zona4-SS-Vol1/index.html
67da5c70b8a76e4904bc2613,https://www.esselunga.it/cdn/volantini/promozioni-1jXc7R5m/Zona4-SS-Vol1/index.html
67da5c70b8a76e4904bc2613,https://www.esselunga.it/cdn/volantini/promozioni-n1c9ZApq/Zona4-SS-Vol1/index.html
67da5c70b8a76e4904bc2613,https://www.esselunga.it/cdn/volantini/promozioni-4bTg8wPz/Zona4-SS-Vol1/index.html
67da5c70b8a76e4904bc2613,https://www.esselunga.it/cdn/volantini/promozioni-08fh2AMK/Zona1-SS-Vol1/index.html
67da5c70b8a76e4904bc2613,https://www.esselunga.it/cdn/volantini/promozioni-viaggi-inverno/Zona1-SS-Vol1/index.html
67da5c70b8a76e4904bc2613,https://www.esselunga.it/cdn/volantini/promozioni-occasioni-speciali/Zona8-SS-Vol1/index.html
67da5c74b8a76e4904bc2633,https://www.esselunga.it/cdn/volantini/promozioni-1jXc7R5m/Zona1-SM-Vol1/index.html
67da5c74b8a76e4904bc2633,https://www.esselunga.it/cdn/volantini/promozioni-n1c9ZApq/Zona1-SM-Vol1/index.html
67da5c74b8a76e4904bc2633,https://www.esselunga.it/cdn/volantini/promozioni-08fh2AMK/Zona1-SS-Vol1/index.html
67da5c74b8a76e4904bc2633,https://www.esselunga.it/cdn/volantini/promozioni-viaggi-inverno/Zona1-SS-Vol1/index.html
67da5c74b8a76e4904bc2633,https://www.esselunga.it/cdn/volantini/promozioni-occasioni-speciali/Zona8-SS-Vol1/index.html
67da5c74b8a76e4904bc2633,https://www.esselunga.it/cdn/volantini/promozioni-4bTg8wPz/Zona1-SS-Vol1/index.html
67da5c75b8a76e4904bc2638,https://www.esselunga.it/cdn/volantini/promozioni-1jXc7R5m/Zona1-SM-Vol1/index.html
67da5c75b8a76e4904bc2638,https://www.esselunga.it/cdn/volantini/promozioni-n1c9ZApq/Zona1-SM-Vol1/index.html
67da5c75b8a76e4904bc2638,https://www.esselunga.it/cdn/volantini/promozioni-08fh2AMK/Zona1-SS-Vol1/index.html
67da5c75b8a76e4904bc2638,https://www.esselunga.it/cdn/volantini/promozioni-viaggi-inverno/Zona1-SS-Vol1/index.html
67da5c75b8a76e4904bc2638,https://www.esselunga.it/cdn/volantini/promozioni-occasioni-speciali/Zona8-SS-Vol1/index.html
67da5c75b8a76e4904bc2638,https://www.esselunga.it/cdn/volantini/promozioni-4bTg8wPz/Zona1-SS-Vol1/index.html
67da5c76b8a76e4904bc2642,https://www.esselunga.it/cdn/volantini/promozioni-1jXc7R5m/Zona1-SM-Vol1/index.html
67da5c76b8a76e4904bc2642,https://www.esselunga.it/cdn/volantini/promozioni-n1c9ZApq/Zona1-SM-Vol1/index.html
67da5c76b8a76e4904bc2642,https://www.esselunga.it/cdn/volantini/promozioni-08fh2AMK/Zona1-SS-Vol1/index.html
67da5c76b8a76e4904bc2642,https://www.esselunga.it/cdn/volantini/promozioni-viaggi-inverno/Zona1-SS-Vol1/index.html
67da5c76b8a76e4904bc2642,https://www.esselunga.it/cdn/volantini/promozioni-occasioni-speciali/Zona8-SS-Vol1/index.html
67da5c76b8a76e4904bc2642,https://www.esselunga.it/cdn/volantini/promozioni-4bTg8wPz/Zona1-SS-Vol1/index.html
67da5c77b8a76e4904bc264c,https://www.esselunga.it/cdn/volantini/promozioni-1jXc7R5m/Zona1-SS-Vol1/index.html
67da5c77b8a76e4904bc264c,https://www.esselunga.it/cdn/volantini/promozioni-n1c9ZApq/Zona1-SS-Vol1/index.html
67da5c77b8a76e4904bc264c,https://www.esselunga.it/cdn/volantini/promozioni-4bTg8wPz/Zona1-SS-Vol1/index.html
67da5c77b8a76e4904bc264c,https://www.esselunga.it/cdn/volantini/promozioni-08fh2AMK/Zona1-SS-Vol1/index.html
67da5c77b8a76e4904bc264c,https://www.esselunga.it/cdn/volantini/promozioni-viaggi-inverno/Zona1-SS-Vol1/index.html
67da5c77b8a76e4904bc264c,https://www.esselunga.it/cdn/volantini/promozioni-occasioni-speciali/Zona8-SS-Vol1/index.html
67da5c78b8a76e4904bc2651,https://www.esselunga.it/cdn/volantini/promozioni-1jXc7R5m/Zona1-SS-Vol1/index.html
67da5c78b8a76e4904bc2651,https://www.esselunga.it/cdn/volantini/promozioni-n1c9ZApq/Zona1-SS-Vol1/index.html
67da5c78b8a76e4904bc2651,https://www.esselunga.it/cdn/volantini/promozioni-4bTg8wPz/Zona1-SS-Vol1/index.html
67da5c78b8a76e4904bc2651,https://www.esselunga.it/cdn/volantini/promozioni-08fh2AMK/Zona1-SS-Vol1/index.html
67da5c78b8a76e4904bc2651,https://www.esselunga.it/cdn/volantini/promozioni-viaggi-inverno/Zona1-SS-Vol1/index.html
67da5c78b8a76e4904bc2651,https://www.esselunga.it/cdn/volantini/promozioni-occasioni-speciali/Zona8-SS-Vol1/index.html
67da5c78b8a76e4904bc2656,https://www.esselunga.it/cdn/volantini/promozioni-1jXc7R5m/Zona1-SM-Vol1/index.html
67da5c78b8a76e4904bc2656,https://www.esselunga.it/cdn/volantini/promozioni-n1c9ZApq/Zona1-SM-Vol1/index.html
67da5c78b8a76e4904bc2656,https://www.esselunga.it/cdn/volantini/promozioni-08fh2AMK/Zona1-SS-Vol1/index.html
67da5c78b8a76e4904bc2656,https://www.esselunga.it/cdn/volantini/promozioni-viaggi-inverno/Zona1-SS-Vol1/index.html
67da5c78b8a76e4904bc2656,https://www.esselunga.it/cdn/volantini/promozioni-4bTg8wPz/Zona1-SS-Vol1/index.html
67da5c78b8a76e4904bc2656,https://www.esselunga.it/cdn/volantini/promozioni-occasioni-speciali/Zona8-SS-Vol1/index.html
67da5c79b8a76e4904bc2660,https://www.esselunga.it/cdn/volantini/promozioni-1jXc7R5m/Zona1-SM-Vol1/index.html
67da5c79b8a76e4904bc2660,https://www.esselunga.it/cdn/volantini/promozioni-n1c9ZApq/Zona1-SM-Vol1/index.html
67da5c79b8a76e4904bc2660,https://www.esselunga.it/cdn/volantini/promozioni-08fh2AMK/Zona1-SS-Vol1/index.html
67da5c79b8a76e4904bc2660,https://www.esselunga.it/cdn/volantini/promozioni-viaggi-inverno/Zona1-SS-Vol1/index.html
67da5c79b8a76e4904bc2660,https://www.esselunga.it/cdn/volantini/promozioni-occasioni-speciali/Zona8-SS-Vol1/index.html
67da5c79b8a76e4904bc2660,https://www.esselunga.it/cdn/volantini/promozioni-4bTg8wPz/Zona1-SS-Vol1/index.html
67da5c7ab8a76e4904bc2665,https://www.esselunga.it/cdn/volantini/promozioni-1jXc7R5m/Zona1-SS-Vol1/index.html
67da5c7ab8a76e4904bc2665,https://www.esselunga.it/cdn/volantini/promozioni-n1c9ZApq/Zona1-SS-Vol1/index.html
67da5c7ab8a76e4904bc2665,https://www.esselunga.it/cdn/volantini/promozioni-4bTg8wPz/Zona1-SS-Vol1/index.html
67da5c7ab8a76e4904bc2665,https://www.esselunga.it/cdn/volantini/promozioni-08fh2AMK/Zona1-SS-Vol1/index.html
67da5c7ab8a76e4904bc2665,https://www.esselunga.it/cdn/volantini/promozioni-viaggi-inverno/Zona1-SS-Vol1/index.html
67da5c7ab8a76e4904bc2665,https://www.esselunga.it/cdn/volantini/promozioni-occasioni-speciali/Zona8-SS-Vol1/index.html
67da5c7ab8a76e4904bc266a,https://www.esselunga.it/cdn/volantini/promozioni-1jXc7R5m/Zona1-SS-Vol1/index.html
67da5c7ab8a76e4904bc266a,https://www.esselunga.it/cdn/volantini/promozioni-n1c9ZApq/Zona1-SS-Vol1/index.html
67da5c7ab8a76e4904bc266a,https://www.esselunga.it/cdn/volantini/promozioni-4bTg8wPz/Zona1-SS-Vol1/index.html
67da5c7ab8a76e4904bc266a,https://www.esselunga.it/cdn/volantini/promozioni-08fh2AMK/Zona1-SS-Vol1/index.html
67da5c7ab8a76e4904bc266a,https://www.esselunga.it/cdn/volantini/promozioni-viaggi-inverno/Zona1-SS-Vol1/index.html
67da5c7bb8a76e4904bc2670,https://www.esselunga.it/cdn/volantini/promozioni-1jXc7R5m/Zona1-SS-Vol1/index.html
67da5c7bb8a76e4904bc2670,https://www.esselunga.it/cdn/volantini/promozioni-n1c9ZApq/Zona1-SS-Vol1/index.html
67da5c7bb8a76e4904bc2670,https://www.esselunga.it/cdn/volantini/promozioni-4bTg8wPz/Zona1-SS-Vol1/index.html
67da5c7bb8a76e4904bc2670,https://www.esselunga.it/cdn/volantini/promozioni-08fh2AMK/Zona1-SS-Vol1/index.html
67da5c7bb8a76e4904bc2670,https://www.esselunga.it/cdn/volantini/promozioni-viaggi-inverno/Zona1-SS-Vol1/index.html
67da5c7bb8a76e4904bc2675,https://www.esselunga.it/cdn/volantini/promozioni-1jXc7R5m/Zona1-SM-Vol1/index.html
67da5c7bb8a76e4904bc2675,https://www.esselunga.it/cdn/volantini/promozioni-n1c9ZApq/Zona1-SM-Vol1/index.html
67da5c7bb8a76e4904bc2675,https://www.esselunga.it/cdn/volantini/promozioni-08fh2AMK/Zona1-SS-Vol1/index.html
67da5c7bb8a76e4904bc2675,https://www.esselunga.it/cdn/volantini/promozioni-viaggi-inverno/Zona1-SS-Vol1/index.html
67da5c7bb8a76e4904bc2675,https://www.esselunga.it/cdn/volantini/promozioni-occasioni-speciali/Zona8-SS-Vol1/index.html
67da5c7bb8a76e4904bc2675,https://www.esselunga.it/cdn/volantini/promozioni-4bTg8wPz/Zona1-SS-Vol1/index.html
67da5c7cb8a76e4904bc267c,https://www.esselunga.it/cdn/volantini/promozioni-1jXc7R5m/Zona4-SM-Vol1/index.html
67da5c7cb8a76e4904bc267c,https://www.esselunga.it/cdn/volantini/promozioni-n1c9ZApq/Zona4-SM-Vol1/index.html
67da5c7cb8a76e4904bc267c,https://www.esselunga.it/cdn/volantini/promozioni-08fh2AMK/Zona1-SS-Vol1/index.html
67da5c7cb8a76e4904bc267c,https://www.esselunga.it/cdn/volantini/promozioni-viaggi-inverno/Zona1-SS-Vol1/index.html
67da5c7cb8a76e4904bc267c,https://www.esselunga.it/cdn/volantini/promozioni-4bTg8wPz/Zona4-SS-Vol1/index.html
67da5c7cb8a76e4904bc267c,https://www.esselunga.it/cdn/volantini/promozioni-occasioni-speciali/Zona8-SS-Vol1/index.html
67da5c7db8a76e4904bc2681,https://www.esselunga.it/cdn/volantini/promozioni-1jXc7R5m/Zona4-SM-Vol1/index.html
67da5c7db8a76e4904bc2681,https://www.esselunga.it/cdn/volantini/promozioni-n1c9ZApq/Zona4-SM-Vol1/index.html
67da5c7db8a76e4904bc2681,https://www.esselunga.it/cdn/volantini/promozioni-08fh2AMK/Zona1-SS-Vol1/index.html
67da5c7db8a76e4904bc2681,https://www.esselunga.it/cdn/volantini/promozioni-viaggi-inverno/Zona1-SS-Vol1/index.html
67da5c7db8a76e4904bc2681,https://www.esselunga.it/cdn/volantini/promozioni-4bTg8wPz/Zona4-SS-Vol1/index.html
67da5c7db8a76e4904bc2681,https://www.esselunga.it/cdn/volantini/promozioni-occasioni-speciali/Zona8-SS-Vol1/index.html
67da5c7db8a76e4904bc2686,https://www.esselunga.it/cdn/volantini/promozioni-1jXc7R5m/Zona4-SM-Vol1/index.html
67da5c7db8a76e4904bc2686,https://www.esselunga.it/cdn/volantini/promozioni-n1c9ZApq/Zona4-SM-Vol1/index.html
67da5c7db8a76e4904bc2686,https://www.esselunga.it/cdn/volantini/promozioni-08fh2AMK/Zona1-SS-Vol1/index.html
67da5c7db8a76e4904bc2686,https://www.esselunga.it/cdn/volantini/promozioni-viaggi-inverno/Zona1-SS-Vol1/index.html
67da5c7db8a76e4904bc2686,https://www.esselunga.it/cdn/volantini/promozioni-occasioni-speciali/Zona8-SS-Vol1/index.html
67da5c7db8a76e4904bc2686,https://www.esselunga.it/cdn/volantini/promozioni-4bTg8wPz/Zona4-SS-Vol1/index.html
67da5c7eb8a76e4904bc268b,https://www.esselunga.it/cdn/volantini/promozioni-1jXc7R5m/Zona4-SS-Vol1/index.html
67da5c7eb8a76e4904bc268b,https://www.esselunga.it/cdn/volantini/promozioni-n1c9ZApq/Zona4-SS-Vol1/index.html
67da5c7eb8a76e4904bc268b,https://www.esselunga.it/cdn/volantini/promozioni-4bTg8wPz/Zona4-SS-Vol1/index.html
67da5c7eb8a76e4904bc268b,https://www.esselunga.it/cdn/volantini/promozioni-08fh2AMK/Zona1-SS-Vol1/index.html
67da5c7eb8a76e4904bc268b,https://www.esselunga.it/cdn/volantini/promozioni-viaggi-inverno/Zona1-SS-Vol1/index.html
67da5c7eb8a76e4904bc268b,https://www.esselunga.it/cdn/volantini/promozioni-occasioni-speciali/Zona8-SS-Vol1/index.html
67da5c7eb8a76e4904bc2690,https://www.esselunga.it/cdn/volantini/promozioni-1jXc7R5m/Zona4-SS-Vol1/index.html
67da5c7eb8a76e4904bc2690,https://www.esselunga.it/cdn/volantini/promozioni-n1c9ZApq/Zona4-SS-Vol1/index.html
67da5c7eb8a76e4904bc2690,https://www.esselunga.it/cdn/volantini/promozioni-4bTg8wPz/Zona4-SS-Vol1/index.html
67da5c7eb8a76e4904bc2690,https://www.esselunga.it/cdn/volantini/promozioni-08fh2AMK/Zona1-SS-Vol1/index.html
67da5c7eb8a76e4904bc2690,https://www.esselunga.it/cdn/volantini/promozioni-viaggi-inverno/Zona1-SS-Vol1/index.html
67da5c7fb8a76e4904bc2695,https://www.esselunga.it/cdn/volantini/promozioni-1jXc7R5m/Zona4-SS-Vol1/index.html
67da5c7fb8a76e4904bc2695,https://www.esselunga.it/cdn/volantini/promozioni-n1c9ZApq/Zona4-SS-Vol1/index.html
67da5c7fb8a76e4904bc2695,https://www.esselunga.it/cdn/volantini/promozioni-4bTg8wPz/Zona4-SS-Vol1/index.html
67da5c7fb8a76e4904bc2695,https://www.esselunga.it/cdn/volantini/promozioni-08fh2AMK/Zona1-SS-Vol1/index.html
67da5c7fb8a76e4904bc2695,https://www.esselunga.it/cdn/volantini/promozioni-viaggi-inverno/Zona1-SS-Vol1/index.html
67da5c81b8a76e4904bc26a1,https://www.esselunga.it/cdn/volantini/promozioni-1jXc7R5m/Zona2-SS-Vol1/index.html
67da5c81b8a76e4904bc26a1,https://www.esselunga.it/cdn/volantini/promozioni-n1c9ZApq/Zona2-SS-Vol1/index.html
67da5c81b8a76e4904bc26a1,https://www.esselunga.it/cdn/volantini/promozioni-4bTg8wPz/Zona2-SS-Vol1/index.html
67da5c81b8a76e4904bc26a1,https://www.esselunga.it/cdn/volantini/promozioni-08fh2AMK/Zona1-SS-Vol1/index.html
67da5c81b8a76e4904bc26a1,https://www.esselunga.it/cdn/volantini/promozioni-viaggi-inverno/Zona1-SS-Vol1/index.html
67da5c82b8a76e4904bc26a7,https://www.esselunga.it/cdn/volantini/promozioni-1jXc7R5m/Zona1-SS-Vol1/index.html
67da5c82b8a76e4904bc26a7,https://www.esselunga.it/cdn/volantini/promozioni-n1c9ZApq/Zona1-SS-Vol1/index.html
67da5c82b8a76e4904bc26a7,https://www.esselunga.it/cdn/volantini/promozioni-4bTg8wPz/Zona1-SS-Vol1/index.html
67da5c82b8a76e4904bc26a7,https://www.esselunga.it/cdn/volantini/promozioni-08fh2AMK/Zona1-SS-Vol1/index.html
67da5c82b8a76e4904bc26a7,https://www.esselunga.it/cdn/volantini/promozioni-viaggi-inverno/Zona1-SS-Vol1/index.html
67da5c82b8a76e4904bc26a7,https://www.esselunga.it/cdn/volantini/promozioni-occasioni-speciali/Zona8-SS-Vol1/index.html
67da5c83b8a76e4904bc26ac,https://www.esselunga.it/cdn/volantini/promozioni-1jXc7R5m/Zona1-SM-Vol1/index.html
67da5c83b8a76e4904bc26ac,https://www.esselunga.it/cdn/volantini/promozioni-n1c9ZApq/Zona1-SM-Vol1/index.html
67da5c83b8a76e4904bc26ac,https://www.esselunga.it/cdn/volantini/promozioni-08fh2AMK/Zona1-SS-Vol1/index.html
67da5c83b8a76e4904bc26ac,https://www.esselunga.it/cdn/volantini/promozioni-viaggi-inverno/Zona1-SS-Vol1/index.html
67da5c83b8a76e4904bc26ac,https://www.esselunga.it/cdn/volantini/promozioni-occasioni-speciali/Zona8-SS-Vol1/index.html
67da5c83b8a76e4904bc26ac,https://www.esselunga.it/cdn/volantini/promozioni-4bTg8wPz/Zona1-SS-Vol1/index.html
67da5c84b8a76e4904bc26b1,https://www.esselunga.it/cdn/volantini/promozioni-1jXc7R5m/Zona1-SS-Vol1/index.html
67da5c84b8a76e4904bc26b1,https://www.esselunga.it/cdn/volantini/promozioni-n1c9ZApq/Zona1-SS-Vol1/index.html
67da5c84b8a76e4904bc26b1,https://www.esselunga.it/cdn/volantini/promozioni-4bTg8wPz/Zona1-SS-Vol1/index.html
67da5c84b8a76e4904bc26b1,https://www.esselunga.it/cdn/volantini/promozioni-08fh2AMK/Zona1-SS-Vol1/index.html
67da5c84b8a76e4904bc26b1,https://www.esselunga.it/cdn/volantini/promozioni-viaggi-inverno/Zona1-SS-Vol1/index.html
67da5c84b8a76e4904bc26b1,https://www.esselunga.it/cdn/volantini/promozioni-occasioni-speciali/Zona8-SS-Vol1/index.html
67da5c84b8a76e4904bc26b6,https://www.esselunga.it/cdn/volantini/promozioni-1jXc7R5m/Zona1-SS-Vol1/index.html
67da5c84b8a76e4904bc26b6,https://www.esselunga.it/cdn/volantini/promozioni-n1c9ZApq/Zona1-SS-Vol1/index.html
67da5c84b8a76e4904bc26b6,https://www.esselunga.it/cdn/volantini/promozioni-4bTg8wPz/Zona1-SS-Vol1/index.html
67da5c84b8a76e4904bc26b6,https://www.esselunga.it/cdn/volantini/promozioni-08fh2AMK/Zona1-SS-Vol1/index.html
67da5c84b8a76e4904bc26b6,https://www.esselunga.it/cdn/volantini/promozioni-viaggi-inverno/Zona1-SS-Vol1/index.html
67da5c84b8a76e4904bc26b6,https://www.esselunga.it/cdn/volantini/promozioni-occasioni-speciali/Zona8-SS-Vol1/index.html
67da5c85b8a76e4904bc26bb,https://www.esselunga.it/cdn/volantini/promozioni-1jXc7R5m/Zona4-SS-Vol1/index.html
67da5c85b8a76e4904bc26bb,https://www.esselunga.it/cdn/volantini/promozioni-n1c9ZApq/Zona4-SS-Vol1/index.html
67da5c85b8a76e4904bc26bb,https://www.esselunga.it/cdn/volantini/promozioni-4bTg8wPz/Zona4-SS-Vol1/index.html
67da5c85b8a76e4904bc26bb,https://www.esselunga.it/cdn/volantini/promozioni-08fh2AMK/Zona1-SS-Vol1/index.html
67da5c85b8a76e4904bc26bb,https://www.esselunga.it/cdn/volantini/promozioni-viaggi-inverno/Zona1-SS-Vol1/index.html
67da5c85b8a76e4904bc26bb,https://www.esselunga.it/cdn/volantini/promozioni-occasioni-speciali/Zona8-SS-Vol1/index.html
67da5c86b8a76e4904bc26c0,https://www.esselunga.it/cdn/volantini/promozioni-1jXc7R5m/Zona3-SS-Vol1/index.html
67da5c86b8a76e4904bc26c0,https://www.esselunga.it/cdn/volantini/promozioni-n1c9ZApq/Zona3-SS-Vol1/index.html
67da5c86b8a76e4904bc26c0,https://www.esselunga.it/cdn/volantini/promozioni-4bTg8wPz/Zona3-SS-Vol1/index.html
67da5c86b8a76e4904bc26c0,https://www.esselunga.it/cdn/volantini/promozioni-08fh2AMK/Zona1-SS-Vol1/index.html
67da5c86b8a76e4904bc26c0,https://www.esselunga.it/cdn/volantini/promozioni-viaggi-inverno/Zona1-SS-Vol1/index.html
67da5c86b8a76e4904bc26c0,https://www.esselunga.it/cdn/volantini/promozioni-occasioni-speciali/Zona8-SS-Vol1/index.html
67da5c86b8a76e4904bc26c5,https://www.esselunga.it/cdn/volantini/promozioni-1jXc7R5m/Zona4-SM-Vol1/index.html
67da5c86b8a76e4904bc26c5,https://www.esselunga.it/cdn/volantini/promozioni-n1c9ZApq/Zona4-SM-Vol1/index.html
67da5c86b8a76e4904bc26c5,https://www.esselunga.it/cdn/volantini/promozioni-08fh2AMK/Zona1-SS-Vol1/index.html
67da5c86b8a76e4904bc26c5,https://www.esselunga.it/cdn/volantini/promozioni-viaggi-inverno/Zona1-SS-Vol1/index.html
67da5c86b8a76e4904bc26c5,https://www.esselunga.it/cdn/volantini/promozioni-occasioni-speciali/Zona8-SS-Vol1/index.html
67da5c86b8a76e4904bc26c5,https://www.esselunga.it/cdn/volantini/promozioni-4bTg8wPz/Zona4-SS-Vol1/index.html
67da5c87b8a76e4904bc26ca,https://www.esselunga.it/cdn/volantini/promozioni-1jXc7R5m/Zona6-SS-Vol1/index.html
67da5c87b8a76e4904bc26ca,https://www.esselunga.it/cdn/volantini/promozioni-n1c9ZApq/Zona6-SS-Vol1/index.html
67da5c87b8a76e4904bc26ca,https://www.esselunga.it/cdn/volantini/promozioni-4bTg8wPz/Zona6-SS-Vol1/index.html
67da5c87b8a76e4904bc26ca,https://www.esselunga.it/cdn/volantini/promozioni-08fh2AMK/Zona1-SS-Vol1/index.html
67da5c87b8a76e4904bc26ca,https://www.esselunga.it/cdn/volantini/promozioni-viaggi-inverno/Zona1-SS-Vol1/index.html
67da5c87b8a76e4904bc26ca,https://www.esselunga.it/cdn/volantini/promozioni-occasioni-speciali/Zona8-SS-Vol1/index.html
67da5c87b8a76e4904bc26cf,https://www.esselunga.it/cdn/volantini/promozioni-1jXc7R5m/Zona6-SM-Vol1/index.html
67da5c87b8a76e4904bc26cf,https://www.esselunga.it/cdn/volantini/promozioni-n1c9ZApq/Zona6-SM-Vol1/index.html
67da5c87b8a76e4904bc26cf,https://www.esselunga.it/cdn/volantini/promozioni-08fh2AMK/Zona1-SS-Vol1/index.html
67da5c87b8a76e4904bc26cf,https://www.esselunga.it/cdn/volantini/promozioni-viaggi-inverno/Zona1-SS-Vol1/index.html
67da5c87b8a76e4904bc26cf,https://www.esselunga.it/cdn/volantini/promozioni-4bTg8wPz/Zona6-SS-Vol1/index.html
67da5c87b8a76e4904bc26cf,https://www.esselunga.it/cdn/volantini/promozioni-occasioni-speciali/Zona8-SS-Vol1/index.html
67da5c88b8a76e4904bc26d4,https://www.esselunga.it/cdn/volantini/promozioni-1jXc7R5m/Zona6-SM-Vol1/index.html
67da5c88b8a76e4904bc26d4,https://www.esselunga.it/cdn/volantini/promozioni-n1c9ZApq/Zona6-SM-Vol1/index.html
67da5c88b8a76e4904bc26d4,https://www.esselunga.it/cdn/volantini/promozioni-08fh2AMK/Zona1-SS-Vol1/index.html
67da5c88b8a76e4904bc26d4,https://www.esselunga.it/cdn/volantini/promozioni-viaggi-inverno/Zona1-SS-Vol1/index.html
67da5c88b8a76e4904bc26d4,https://www.esselunga.it/cdn/volantini/promozioni-occasioni-speciali/Zona8-SS-Vol1/index.html
67da5c88b8a76e4904bc26d4,https://www.esselunga.it/cdn/volantini/promozioni-4bTg8wPz/Zona6-SS-Vol1/index.html
67da5c89b8a76e4904bc26da,https://www.esselunga.it/cdn/volantini/promozioni-1jXc7R5m/Zona7-SM-Vol1/index.html
67da5c89b8a76e4904bc26da,https://www.esselunga.it/cdn/volantini/promozioni-n1c9ZApq/Zona7-SM-Vol1/index.html
67da5c89b8a76e4904bc26da,https://www.esselunga.it/cdn/volantini/promozioni-08fh2AMK/Zona1-SS-Vol1/index.html
67da5c89b8a76e4904bc26da,https://www.esselunga.it/cdn/volantini/promozioni-viaggi-inverno/Zona1-SS-Vol1/index.html
67da5c8ab8a76e4904bc26e0,https://www.esselunga.it/cdn/volantini/promozioni-1jXc7R5m/Zona2-SM-Vol1/index.html
67da5c8ab8a76e4904bc26e0,https://www.esselunga.it/cdn/volantini/promozioni-n1c9ZApq/Zona2-SM-Vol1/index.html
67da5c8ab8a76e4904bc26e0,https://www.esselunga.it/cdn/volantini/promozioni-08fh2AMK/Zona1-SS-Vol1/index.html
67da5c8ab8a76e4904bc26e0,https://www.esselunga.it/cdn/volantini/promozioni-viaggi-inverno/Zona1-SS-Vol1/index.html
67da5c8ab8a76e4904bc26e0,https://www.esselunga.it/cdn/volantini/promozioni-occasioni-speciali/Zona8-SS-Vol1/index.html
67da5c8bb8a76e4904bc26e6,https://www.esselunga.it/cdn/volantini/promozioni-1jXc7R5m/Zona1-SS-Vol1/index.html
67da5c8bb8a76e4904bc26e6,https://www.esselunga.it/cdn/volantini/promozioni-n1c9ZApq/Zona1-SS-Vol1/index.html
67da5c8bb8a76e4904bc26e6,https://www.esselunga.it/cdn/volantini/promozioni-4bTg8wPz/Zona1-SS-Vol1/index.html
67da5c8bb8a76e4904bc26e6,https://www.esselunga.it/cdn/volantini/promozioni-08fh2AMK/Zona1-SS-Vol1/index.html
67da5c8bb8a76e4904bc26e6,https://www.esselunga.it/cdn/volantini/promozioni-viaggi-inverno/Zona1-SS-Vol1/index.html
67da5c8cb8a76e4904bc26eb,https://www.esselunga.it/cdn/volantini/promozioni-1jXc7R5m/Zona7-SM-Vol1/index.html
67da5c8cb8a76e4904bc26eb,https://www.esselunga.it/cdn/volantini/promozioni-n1c9ZApq/Zona7-SM-Vol1/index.html
67da5c8cb8a76e4904bc26eb,https://www.esselunga.it/cdn/volantini/promozioni-08fh2AMK/Zona1-SS-Vol1/index.html
67da5c8cb8a76e4904bc26eb,https://www.esselunga.it/cdn/volantini/promozioni-viaggi-inverno/Zona1-SS-Vol1/index.html
67da5c8cb8a76e4904bc26eb,https://www.esselunga.it/cdn/volantini/promozioni-occasioni-speciali/Zona8-SS-Vol1/index.html
67da5c8cb8a76e4904bc26eb,https://www.esselunga.it/cdn/volantini/promozioni-4bTg8wPz/Zona7-SS-Vol1/index.html
67da5c8cb8a76e4904bc26f1,https://www.esselunga.it/cdn/volantini/promozioni-1jXc7R5m/Zona5-SM-Vol1/index.html
67da5c8cb8a76e4904bc26f1,https://www.esselunga.it/cdn/volantini/promozioni-n1c9ZApq/Zona5-SM-Vol1/index.html
67da5c8cb8a76e4904bc26f1,https://www.esselunga.it/cdn/volantini/promozioni-08fh2AMK/Zona1-SS-Vol1/index.html
67da5c8cb8a76e4904bc26f1,https://www.esselunga.it/cdn/volantini/promozioni-viaggi-inverno/Zona1-SS-Vol1/index.html
67da5c8cb8a76e4904bc26f1,https://www.esselunga.it/cdn/volantini/promozioni-occasioni-speciali/Zona8-SS-Vol1/index.html
67da5c8cb8a76e4904bc26f1,https://www.esselunga.it/cdn/volantini/promozioni-4bTg8wPz/Zona5-SS-Vol1/index.html
